qid,context_id,score,rank,method,latency_ms
q0001,c000001,0.910738868025028,1,embedding_baseline,0.0
q0001,c000003,0.7629163413855559,2,embedding_baseline,0.0
q0001,c000005,0.7613065833865644,3,embedding_baseline,0.0
q0001,c000007,0.7381092533722426,4,embedding_baseline,0.0
q0001,c000008,0.7201939968220646,5,embedding_baseline,0.0
q0001,c000002,0.7198693696480468,6,embedding_baseline,0.0
q0001,c000010,0.7116569442808324,7,embedding_baseline,0.0
q0001,c000009,0.672224372003716,8,embedding_baseline,0.0
q0001,c000006,0.6394088148052662,9,embedding_baseline,0.0
q0001,c000004,0.6308079926189094,10,embedding_baseline,0.0
q0002,c000011,0.9140931429408936,1,embedding_baseline,0.0
q0002,c000013,0.7938707720904633,2,embedding_baseline,0.0
q0002,c000014,0.7866760762486323,3,embedding_baseline,0.0
q0002,c000015,0.7821389296772815,4,embedding_baseline,0.0
q0002,c000016,0.7703123296602609,5,embedding_baseline,0.0
q0002,c000017,0.7671854621778917,6,embedding_baseline,0.0
q0002,c000020,0.7631445641546589,7,embedding_baseline,0.0
q0002,c000019,0.7592569237140722,8,embedding_baseline,0.0
q0002,c000012,0.7378210415609641,9,embedding_baseline,0.0
q0002,c000018,0.7121086863056457,10,embedding_baseline,0.0
q0003,c000021,0.9121437445039416,1,embedding_baseline,0.0
q0003,c000027,0.7907226091103591,2,embedding_baseline,0.0
q0003,c000022,0.7856970847972424,3,embedding_baseline,0.0
q0003,c000024,0.7653910428755333,4,embedding_baseline,0.0
q0003,c000030,0.7632633009446326,5,embedding_baseline,0.0
q0003,c000029,0.7520523677881072,6,embedding_baseline,0.0
q0003,c000028,0.7302140312660494,7,embedding_baseline,0.0
q0003,c000025,0.6829200593779766,8,embedding_baseline,0.0
q0003,c000026,0.6719074789082776,9,embedding_baseline,0.0
q0003,c000023,0.6470368469291837,10,embedding_baseline,0.0
q0004,c000031,0.9019733054105472,1,embedding_baseline,0.0
q0004,c000039,0.7701794112383988,2,embedding_baseline,0.0
q0004,c000033,0.7447033462432449,3,embedding_baseline,0.0
q0004,c000035,0.7349588475836757,4,embedding_baseline,0.0
q0004,c000034,0.715368695676397,5,embedding_baseline,0.0
q0004,c000040,0.7122294883701747,6,embedding_baseline,0.0
q0004,c000032,0.6901070535716516,7,embedding_baseline,0.0
q0004,c000036,0.6802076329409107,8,embedding_baseline,0.0
q0004,c000038,0.6654114680692587,9,embedding_baseline,0.0
q0004,c000037,0.6493665647722143,10,embedding_baseline,0.0
q0005,c000041,0.9366461443377888,1,embedding_baseline,0.0
q0005,c000045,0.8704224513615866,2,embedding_baseline,0.0
q0005,c000042,0.818371803752057,3,embedding_baseline,0.0
q0005,c000043,0.8144389256788165,4,embedding_baseline,0.0
q0005,c000049,0.7812044442404301,5,embedding_baseline,0.0
q0005,c000044,0.7739023035962631,6,embedding_baseline,0.0
q0005,c000048,0.7458303589768013,7,embedding_baseline,0.0
q0005,c000046,0.7346929419532328,8,embedding_baseline,0.0
q0005,c000047,0.7253509795898239,9,embedding_baseline,0.0
q0005,c000050,0.698020992210086,10,embedding_baseline,0.0
q0006,c000051,0.9090513990322608,1,embedding_baseline,0.0
q0006,c000055,0.763324607026005,2,embedding_baseline,0.0
q0006,c000057,0.7296298205985899,3,embedding_baseline,0.0
q0006,c000053,0.7278326809376385,4,embedding_baseline,0.0
q0006,c000054,0.7267434732464523,5,embedding_baseline,0.0
q0006,c000052,0.7103309535962727,6,embedding_baseline,0.0
q0006,c000060,0.6830846572979027,7,embedding_baseline,0.0
q0006,c000056,0.6748297230133316,8,embedding_baseline,0.0
q0006,c000058,0.6727408682473489,9,embedding_baseline,0.0
q0006,c000059,0.6711052687891137,10,embedding_baseline,0.0
q0007,c000061,0.930662121181499,1,embedding_baseline,0.0
q0007,c000064,0.8435512848847238,2,embedding_baseline,0.0
q0007,c000063,0.7698189263825391,3,embedding_baseline,0.0
q0007,c000065,0.7598275272690151,4,embedding_baseline,0.0
q0007,c000067,0.7498566799781855,5,embedding_baseline,0.0
q0007,c000070,0.7439856468911343,6,embedding_baseline,0.0
q0007,c000069,0.7270010820570142,7,embedding_baseline,0.0
q0007,c000062,0.7252272211052997,8,embedding_baseline,0.0
q0007,c000068,0.6767506105369547,9,embedding_baseline,0.0
q0007,c000066,0.6572117927326978,10,embedding_baseline,0.0
q0008,c000071,0.8625531943542581,1,embedding_baseline,0.0
q0008,c000078,0.7146329992776856,2,embedding_baseline,0.0
q0008,c000077,0.6718763855791915,3,embedding_baseline,0.0
q0008,c000074,0.6533311570576779,4,embedding_baseline,0.0
q0008,c000076,0.6520395131304719,5,embedding_baseline,0.0
q0008,c000080,0.6473698217251999,6,embedding_baseline,0.0
q0008,c000075,0.63092149870512,7,embedding_baseline,0.0
q0008,c000079,0.6215177338991111,8,embedding_baseline,0.0
q0008,c000073,0.6065611576203557,9,embedding_baseline,0.0
q0008,c000072,0.5945644304868224,10,embedding_baseline,0.0
q0009,c000081,0.9183872754869224,1,embedding_baseline,0.0
q0009,c000089,0.8140591472904767,2,embedding_baseline,0.0
q0009,c000084,0.7980828080679625,3,embedding_baseline,0.0
q0009,c000087,0.7632306367592232,4,embedding_baseline,0.0
q0009,c000082,0.7449615478995052,5,embedding_baseline,0.0
q0009,c000085,0.7427524378394866,6,embedding_baseline,0.0
q0009,c000088,0.7157923357669794,7,embedding_baseline,0.0
q0009,c000086,0.7111123743470243,8,embedding_baseline,0.0
q0009,c000083,0.7005628693450578,9,embedding_baseline,0.0
q0009,c000090,0.686200179944984,10,embedding_baseline,0.0
q0010,c000091,0.9371601515313324,1,embedding_baseline,0.0
q0010,c000094,0.8765241476066504,2,embedding_baseline,0.0
q0010,c000092,0.7645568126616035,3,embedding_baseline,0.0
q0010,c000093,0.7497407633682085,4,embedding_baseline,0.0
q0010,c000098,0.7457883625215902,5,embedding_baseline,0.0
q0010,c000095,0.6738805929044759,6,embedding_baseline,0.0
q0010,c000099,0.6503325940890472,7,embedding_baseline,0.0
q0010,c000097,0.6334137303255202,8,embedding_baseline,0.0
q0010,c000096,0.6254718406705739,9,embedding_baseline,0.0
q0010,c000100,0.6052130998295594,10,embedding_baseline,0.0
q0011,c000101,0.9160106845236642,1,embedding_baseline,0.0
q0011,c000104,0.8649793010672088,2,embedding_baseline,0.0
q0011,c000103,0.8221700936247133,3,embedding_baseline,0.0
q0011,c000102,0.8006425962073217,4,embedding_baseline,0.0
q0011,c000105,0.7663767128574461,5,embedding_baseline,0.0
q0011,c000109,0.7554923530866944,6,embedding_baseline,0.0
q0011,c000106,0.7461033309047426,7,embedding_baseline,0.0
q0011,c000108,0.7389194749007124,8,embedding_baseline,0.0
q0011,c000107,0.7330482961064873,9,embedding_baseline,0.0
q0011,c000110,0.6676753015837376,10,embedding_baseline,0.0
q0012,c000111,0.9227769251419744,1,embedding_baseline,0.0
q0012,c000112,0.8276069588704966,2,embedding_baseline,0.0
q0012,c000113,0.8166759234122437,3,embedding_baseline,0.0
q0012,c000120,0.744251197887017,4,embedding_baseline,0.0
q0012,c000114,0.7430503201109037,5,embedding_baseline,0.0
q0012,c000115,0.731520597321179,6,embedding_baseline,0.0
q0012,c000116,0.7178121460370609,7,embedding_baseline,0.0
q0012,c000119,0.7031777501096593,8,embedding_baseline,0.0
q0012,c000117,0.7028361629553854,9,embedding_baseline,0.0
q0012,c000118,0.658236176155815,10,embedding_baseline,0.0
q0013,c000121,0.8710905771188459,1,embedding_baseline,0.0
q0013,c000128,0.7387034011749238,2,embedding_baseline,0.0
q0013,c000126,0.7232292809060253,3,embedding_baseline,0.0
q0013,c000125,0.7098456299850557,4,embedding_baseline,0.0
q0013,c000129,0.7019368369905955,5,embedding_baseline,0.0
q0013,c000124,0.7001245380381723,6,embedding_baseline,0.0
q0013,c000130,0.6977272194751809,7,embedding_baseline,0.0
q0013,c000127,0.6974675496650299,8,embedding_baseline,0.0
q0013,c000122,0.690864067249814,9,embedding_baseline,0.0
q0013,c000123,0.6267893938896613,10,embedding_baseline,0.0
q0014,c000131,0.9089184920048956,1,embedding_baseline,0.0
q0014,c000132,0.8245673024681778,2,embedding_baseline,0.0
q0014,c000135,0.8194965140936888,3,embedding_baseline,0.0
q0014,c000133,0.7657188336780916,4,embedding_baseline,0.0
q0014,c000139,0.7598613649999767,5,embedding_baseline,0.0
q0014,c000134,0.7549058948417124,6,embedding_baseline,0.0
q0014,c000136,0.7132416209358927,7,embedding_baseline,0.0
q0014,c000138,0.6992444544468,8,embedding_baseline,0.0
q0014,c000137,0.6482058803414119,9,embedding_baseline,0.0
q0014,c000140,0.6399677770336148,10,embedding_baseline,0.0
q0015,c000141,0.9376718299650684,1,embedding_baseline,0.0
q0015,c000145,0.8648608099089427,2,embedding_baseline,0.0
q0015,c000144,0.8080106915126575,3,embedding_baseline,0.0
q0015,c000142,0.8018817562026807,4,embedding_baseline,0.0
q0015,c000147,0.8009688706258836,5,embedding_baseline,0.0
q0015,c000143,0.7881566036368354,6,embedding_baseline,0.0
q0015,c000148,0.7242627664425114,7,embedding_baseline,0.0
q0015,c000150,0.6848309349282492,8,embedding_baseline,0.0
q0015,c000149,0.6682686122438014,9,embedding_baseline,0.0
q0015,c000146,0.6636491725540984,10,embedding_baseline,0.0
q0016,c000151,0.912613918975114,1,embedding_baseline,0.0
q0016,c000153,0.8296280293530258,2,embedding_baseline,0.0
q0016,c000154,0.7798936052694394,3,embedding_baseline,0.0
q0016,c000156,0.7689867664001476,4,embedding_baseline,0.0
q0016,c000152,0.7568154592627987,5,embedding_baseline,0.0
q0016,c000155,0.7416502015043076,6,embedding_baseline,0.0
q0016,c000157,0.7150165446416923,7,embedding_baseline,0.0
q0016,c000158,0.6711878154619958,8,embedding_baseline,0.0
q0016,c000160,0.6543145428605986,9,embedding_baseline,0.0
q0016,c000159,0.6529976705287714,10,embedding_baseline,0.0
q0017,c000161,0.8829033250376424,1,embedding_baseline,0.0
q0017,c000162,0.8070157285996239,2,embedding_baseline,0.0
q0017,c000164,0.7649057441282859,3,embedding_baseline,0.0
q0017,c000170,0.7405728399054625,4,embedding_baseline,0.0
q0017,c000163,0.7152204229577004,5,embedding_baseline,0.0
q0017,c000165,0.7080401213671225,6,embedding_baseline,0.0
q0017,c000166,0.6774788195335507,7,embedding_baseline,0.0
q0017,c000168,0.662471042901789,8,embedding_baseline,0.0
q0017,c000169,0.6573129436513013,9,embedding_baseline,0.0
q0017,c000167,0.642741156676939,10,embedding_baseline,0.0
q0018,c000171,0.912431729775943,1,embedding_baseline,0.0
q0018,c000179,0.774473698451291,2,embedding_baseline,0.0
q0018,c000177,0.7589494774368244,3,embedding_baseline,0.0
q0018,c000173,0.755633851219938,4,embedding_baseline,0.0
q0018,c000172,0.7515366021763158,5,embedding_baseline,0.0
q0018,c000178,0.7476279798975634,6,embedding_baseline,0.0
q0018,c000175,0.7466476604238459,7,embedding_baseline,0.0
q0018,c000180,0.7462753381583689,8,embedding_baseline,0.0
q0018,c000176,0.7101199638196845,9,embedding_baseline,0.0
q0018,c000174,0.6885515402200463,10,embedding_baseline,0.0
q0019,c000181,0.9083955088738102,1,embedding_baseline,0.0
q0019,c000185,0.8688920398233045,2,embedding_baseline,0.0
q0019,c000182,0.8153826314087146,3,embedding_baseline,0.0
q0019,c000184,0.8124149111087897,4,embedding_baseline,0.0
q0019,c000183,0.7790543297419866,5,embedding_baseline,0.0
q0019,c000188,0.7723478463770729,6,embedding_baseline,0.0
q0019,c000189,0.739976673306944,7,embedding_baseline,0.0
q0019,c000187,0.7043605575723785,8,embedding_baseline,0.0
q0019,c000190,0.7038847895898429,9,embedding_baseline,0.0
q0019,c000186,0.6902483954344417,10,embedding_baseline,0.0
q0020,c000191,0.9329782220804004,1,embedding_baseline,0.0
q0020,c000193,0.8107336776674691,2,embedding_baseline,0.0
q0020,c000195,0.7441831502415311,3,embedding_baseline,0.0
q0020,c000194,0.7403804809421628,4,embedding_baseline,0.0
q0020,c000192,0.7301695794992901,5,embedding_baseline,0.0
q0020,c000200,0.7145400324370463,6,embedding_baseline,0.0
q0020,c000197,0.6767790174100171,7,embedding_baseline,0.0
q0020,c000196,0.6718588316784687,8,embedding_baseline,0.0
q0020,c000198,0.6557643468116056,9,embedding_baseline,0.0
q0020,c000199,0.6022528543033234,10,embedding_baseline,0.0
q0021,c000201,0.9366900458089203,1,embedding_baseline,0.0
q0021,c000206,0.8094333607364909,2,embedding_baseline,0.0
q0021,c000202,0.796587662666195,3,embedding_baseline,0.0
q0021,c000204,0.7953205631460069,4,embedding_baseline,0.0
q0021,c000207,0.7903369528828353,5,embedding_baseline,0.0
q0021,c000205,0.7773750404797874,6,embedding_baseline,0.0
q0021,c000208,0.7233633301530101,7,embedding_baseline,0.0
q0021,c000203,0.710167223341605,8,embedding_baseline,0.0
q0021,c000209,0.6786262996238994,9,embedding_baseline,0.0
q0021,c000210,0.6518148603301168,10,embedding_baseline,0.0
q0022,c000211,0.924234805079904,1,embedding_baseline,0.0
q0022,c000220,0.713854816880771,2,embedding_baseline,0.0
q0022,c000214,0.7115413352807248,3,embedding_baseline,0.0
q0022,c000217,0.6907238668675671,4,embedding_baseline,0.0
q0022,c000219,0.6712703981681373,5,embedding_baseline,0.0
q0022,c000215,0.6670078897856528,6,embedding_baseline,0.0
q0022,c000213,0.6600360442542653,7,embedding_baseline,0.0
q0022,c000212,0.6563557892300304,8,embedding_baseline,0.0
q0022,c000218,0.6152570668785635,9,embedding_baseline,0.0
q0022,c000216,0.6013880318465719,10,embedding_baseline,0.0
q0023,c000221,0.9066775682076478,1,embedding_baseline,0.0
q0023,c000223,0.8412189269725215,2,embedding_baseline,0.0
q0023,c000225,0.8338073931147286,3,embedding_baseline,0.0
q0023,c000224,0.7434558508463315,4,embedding_baseline,0.0
q0023,c000222,0.7046523902100913,5,embedding_baseline,0.0
q0023,c000227,0.6714710911888128,6,embedding_baseline,0.0
q0023,c000226,0.6708545170322723,7,embedding_baseline,0.0
q0023,c000230,0.6659800509324318,8,embedding_baseline,0.0
q0023,c000228,0.6506241762317906,9,embedding_baseline,0.0
q0023,c000229,0.6375191317356618,10,embedding_baseline,0.0
q0024,c000231,0.8970821794576452,1,embedding_baseline,0.0
q0024,c000232,0.8389176557954238,2,embedding_baseline,0.0
q0024,c000233,0.8221278975084844,3,embedding_baseline,0.0
q0024,c000235,0.8185942320853613,4,embedding_baseline,0.0
q0024,c000239,0.7033539552817478,5,embedding_baseline,0.0
q0024,c000236,0.6968198944806872,6,embedding_baseline,0.0
q0024,c000234,0.6902600071318266,7,embedding_baseline,0.0
q0024,c000240,0.6794142492817956,8,embedding_baseline,0.0
q0024,c000237,0.6599297707486699,9,embedding_baseline,0.0
q0024,c000238,0.6084191231837173,10,embedding_baseline,0.0
q0025,c000241,0.911763874054726,1,embedding_baseline,0.0
q0025,c000242,0.7362723334233856,2,embedding_baseline,0.0
q0025,c000247,0.728527807902415,3,embedding_baseline,0.0
q0025,c000245,0.7211596441782778,4,embedding_baseline,0.0
q0025,c000249,0.7044255041434178,5,embedding_baseline,0.0
q0025,c000244,0.7006976728461357,6,embedding_baseline,0.0
q0025,c000243,0.6967554215873402,7,embedding_baseline,0.0
q0025,c000248,0.6684606565776408,8,embedding_baseline,0.0
q0025,c000246,0.6383960291682637,9,embedding_baseline,0.0
q0025,c000250,0.6286401085208868,10,embedding_baseline,0.0
q0026,c000251,0.9302392472447608,1,embedding_baseline,0.0
q0026,c000254,0.8463190179773297,2,embedding_baseline,0.0
q0026,c000257,0.8139425210440226,3,embedding_baseline,0.0
q0026,c000253,0.8058546353241657,4,embedding_baseline,0.0
q0026,c000258,0.7841816602997846,5,embedding_baseline,0.0
q0026,c000255,0.7627242773095453,6,embedding_baseline,0.0
q0026,c000252,0.7397270107732639,7,embedding_baseline,0.0
q0026,c000256,0.7302005098564656,8,embedding_baseline,0.0
q0026,c000260,0.7136327958815126,9,embedding_baseline,0.0
q0026,c000259,0.6726223056940152,10,embedding_baseline,0.0
q0027,c000261,0.920484704681946,1,embedding_baseline,0.0
q0027,c000263,0.8277436924593217,2,embedding_baseline,0.0
q0027,c000264,0.8076359844176729,3,embedding_baseline,0.0
q0027,c000265,0.7943889254972821,4,embedding_baseline,0.0
q0027,c000262,0.7819926817529812,5,embedding_baseline,0.0
q0027,c000267,0.7218638734355463,6,embedding_baseline,0.0
q0027,c000270,0.7017416730735058,7,embedding_baseline,0.0
q0027,c000268,0.681984920776235,8,embedding_baseline,0.0
q0027,c000269,0.6607040939666828,9,embedding_baseline,0.0
q0027,c000266,0.6590246500690206,10,embedding_baseline,0.0
q0028,c000271,0.9066176212099124,1,embedding_baseline,0.0
q0028,c000276,0.790360303009554,2,embedding_baseline,0.0
q0028,c000273,0.7831709238312421,3,embedding_baseline,0.0
q0028,c000274,0.7367553892445726,4,embedding_baseline,0.0
q0028,c000277,0.7159031864111839,5,embedding_baseline,0.0
q0028,c000279,0.7034609474554127,6,embedding_baseline,0.0
q0028,c000275,0.6876824717271879,7,embedding_baseline,0.0
q0028,c000280,0.6814536147553673,8,embedding_baseline,0.0
q0028,c000278,0.6498775773077099,9,embedding_baseline,0.0
q0028,c000272,0.6289369999008619,10,embedding_baseline,0.0
q0029,c000281,0.9213614401698478,1,embedding_baseline,0.0
q0029,c000283,0.7732334947116841,2,embedding_baseline,0.0
q0029,c000284,0.7410140691470879,3,embedding_baseline,0.0
q0029,c000282,0.7346296254858229,4,embedding_baseline,0.0
q0029,c000290,0.7337739659866138,5,embedding_baseline,0.0
q0029,c000288,0.7194483837850073,6,embedding_baseline,0.0
q0029,c000285,0.7090388251660216,7,embedding_baseline,0.0
q0029,c000287,0.7051152786262129,8,embedding_baseline,0.0
q0029,c000289,0.672626880613071,9,embedding_baseline,0.0
q0029,c000286,0.6648468743735189,10,embedding_baseline,0.0
q0030,c000291,0.9097645845699832,1,embedding_baseline,0.0
q0030,c000295,0.7464670130818359,2,embedding_baseline,0.0
q0030,c000293,0.7440539135125557,3,embedding_baseline,0.0
q0030,c000292,0.7370454985706002,4,embedding_baseline,0.0
q0030,c000298,0.6971427798250687,5,embedding_baseline,0.0
q0030,c000294,0.6917708663735265,6,embedding_baseline,0.0
q0030,c000300,0.6671766512171955,7,embedding_baseline,0.0
q0030,c000299,0.6668487136590886,8,embedding_baseline,0.0
q0030,c000297,0.6606684763176027,9,embedding_baseline,0.0
q0030,c000296,0.6188532855116862,10,embedding_baseline,0.0
q0031,c000301,0.9251339959946998,1,embedding_baseline,0.0
q0031,c000302,0.8181163708307158,2,embedding_baseline,0.0
q0031,c000303,0.7690374661793392,3,embedding_baseline,0.0
q0031,c000305,0.7640044652685617,4,embedding_baseline,0.0
q0031,c000304,0.7410213650663094,5,embedding_baseline,0.0
q0031,c000306,0.7408399645034326,6,embedding_baseline,0.0
q0031,c000308,0.6901203620230237,7,embedding_baseline,0.0
q0031,c000307,0.6782377306820995,8,embedding_baseline,0.0
q0031,c000309,0.6545479919115541,9,embedding_baseline,0.0
q0031,c000310,0.6528717304504057,10,embedding_baseline,0.0
q0032,c000311,0.9140876242962565,1,embedding_baseline,0.0
q0032,c000314,0.8663810940585043,2,embedding_baseline,0.0
q0032,c000315,0.8487430570706013,3,embedding_baseline,0.0
q0032,c000313,0.8067086588158451,4,embedding_baseline,0.0
q0032,c000312,0.7649756393992323,5,embedding_baseline,0.0
q0032,c000319,0.753970921796993,6,embedding_baseline,0.0
q0032,c000318,0.7135597115405663,7,embedding_baseline,0.0
q0032,c000320,0.6766308550927127,8,embedding_baseline,0.0
q0032,c000316,0.6490122096128018,9,embedding_baseline,0.0
q0032,c000317,0.6351481245473427,10,embedding_baseline,0.0
q0033,c000321,0.913942960024918,1,embedding_baseline,0.0
q0033,c000323,0.792988841724187,2,embedding_baseline,0.0
q0033,c000325,0.7784740161204606,3,embedding_baseline,0.0
q0033,c000324,0.72691832105966,4,embedding_baseline,0.0
q0033,c000330,0.718488518257776,5,embedding_baseline,0.0
q0033,c000327,0.6866421913295754,6,embedding_baseline,0.0
q0033,c000322,0.6758010174537697,7,embedding_baseline,0.0
q0033,c000329,0.6686588616118299,8,embedding_baseline,0.0
q0033,c000326,0.6597725387480825,9,embedding_baseline,0.0
q0033,c000328,0.6483920665775713,10,embedding_baseline,0.0
q0034,c000331,0.884829229633881,1,embedding_baseline,0.0
q0034,c000333,0.7678759247843346,2,embedding_baseline,0.0
q0034,c000339,0.7540823075895411,3,embedding_baseline,0.0
q0034,c000335,0.7467984531137886,4,embedding_baseline,0.0
q0034,c000332,0.7219030362212714,5,embedding_baseline,0.0
q0034,c000338,0.7081442609000749,6,embedding_baseline,0.0
q0034,c000334,0.6889096186444802,7,embedding_baseline,0.0
q0034,c000340,0.6552105746625831,8,embedding_baseline,0.0
q0034,c000336,0.6470207443064283,9,embedding_baseline,0.0
q0034,c000337,0.6213693925067534,10,embedding_baseline,0.0
q0035,c000341,0.9403014371920112,1,embedding_baseline,0.0
q0035,c000343,0.7519265226574247,2,embedding_baseline,0.0
q0035,c000349,0.7327284172553328,3,embedding_baseline,0.0
q0035,c000348,0.7227695565837696,4,embedding_baseline,0.0
q0035,c000342,0.7188350772601473,5,embedding_baseline,0.0
q0035,c000345,0.711537446043598,6,embedding_baseline,0.0
q0035,c000350,0.7010665065137287,7,embedding_baseline,0.0
q0035,c000346,0.6974387007104849,8,embedding_baseline,0.0
q0035,c000344,0.6777921939352006,9,embedding_baseline,0.0
q0035,c000347,0.661666091461978,10,embedding_baseline,0.0
q0036,c000351,0.9040479391054268,1,embedding_baseline,0.0
q0036,c000353,0.7920870584340878,2,embedding_baseline,0.0
q0036,c000355,0.7796434029138829,3,embedding_baseline,0.0
q0036,c000354,0.7585213297640203,4,embedding_baseline,0.0
q0036,c000352,0.7195841848987263,5,embedding_baseline,0.0
q0036,c000356,0.7025870996482776,6,embedding_baseline,0.0
q0036,c000360,0.6969343170354817,7,embedding_baseline,0.0
q0036,c000357,0.6650744996190117,8,embedding_baseline,0.0
q0036,c000359,0.661990359010732,9,embedding_baseline,0.0
q0036,c000358,0.6052384518179262,10,embedding_baseline,0.0
q0037,c000361,0.9094306332865286,1,embedding_baseline,0.0
q0037,c000364,0.7337423282398309,2,embedding_baseline,0.0
q0037,c000365,0.6989662717654467,3,embedding_baseline,0.0
q0037,c000366,0.6613202560808259,4,embedding_baseline,0.0
q0037,c000370,0.6561461635505705,5,embedding_baseline,0.0
q0037,c000369,0.6557462401782023,6,embedding_baseline,0.0
q0037,c000367,0.6513122090758033,7,embedding_baseline,0.0
q0037,c000368,0.6510664888308313,8,embedding_baseline,0.0
q0037,c000362,0.6366372500765676,9,embedding_baseline,0.0
q0037,c000363,0.6353686438437814,10,embedding_baseline,0.0
q0038,c000371,0.898846459956417,1,embedding_baseline,0.0
q0038,c000372,0.7619309441337448,2,embedding_baseline,0.0
q0038,c000380,0.7490705991058167,3,embedding_baseline,0.0
q0038,c000378,0.7388749763598209,4,embedding_baseline,0.0
q0038,c000376,0.7353289262140875,5,embedding_baseline,0.0
q0038,c000379,0.7294577282241259,6,embedding_baseline,0.0
q0038,c000375,0.7201323618489303,7,embedding_baseline,0.0
q0038,c000373,0.7151960103892251,8,embedding_baseline,0.0
q0038,c000374,0.7150926100176376,9,embedding_baseline,0.0
q0038,c000377,0.6997758052021225,10,embedding_baseline,0.0
q0039,c000381,0.9159005911168224,1,embedding_baseline,0.0
q0039,c000383,0.7817226191959626,2,embedding_baseline,0.0
q0039,c000388,0.7714121158339519,3,embedding_baseline,0.0
q0039,c000385,0.7487739110017353,4,embedding_baseline,0.0
q0039,c000384,0.7341138458073869,5,embedding_baseline,0.0
q0039,c000390,0.7264306644958896,6,embedding_baseline,0.0
q0039,c000387,0.7195342690657398,7,embedding_baseline,0.0
q0039,c000382,0.7076662910868295,8,embedding_baseline,0.0
q0039,c000386,0.7037061150596327,9,embedding_baseline,0.0
q0039,c000389,0.6558152677564,10,embedding_baseline,0.0
q0040,c000391,0.9047365545484186,1,embedding_baseline,0.0
q0040,c000395,0.8383898306256071,2,embedding_baseline,0.0
q0040,c000399,0.8219040892342279,3,embedding_baseline,0.0
q0040,c000394,0.8131838626744982,4,embedding_baseline,0.0
q0040,c000393,0.7932600318811466,5,embedding_baseline,0.0
q0040,c000397,0.7389555009496365,6,embedding_baseline,0.0
q0040,c000396,0.7254585286526812,7,embedding_baseline,0.0
q0040,c000392,0.7050405267934028,8,embedding_baseline,0.0
q0040,c000400,0.6947836631026625,9,embedding_baseline,0.0
q0040,c000398,0.668195360027417,10,embedding_baseline,0.0
q0041,c000401,0.90210006095558,1,embedding_baseline,0.0
q0041,c000403,0.792650637375789,2,embedding_baseline,0.0
q0041,c000402,0.7812257973416245,3,embedding_baseline,0.0
q0041,c000408,0.7701367754838515,4,embedding_baseline,0.0
q0041,c000407,0.7588889540914412,5,embedding_baseline,0.0
q0041,c000405,0.7575528684152373,6,embedding_baseline,0.0
q0041,c000409,0.7413112223468762,7,embedding_baseline,0.0
q0041,c000406,0.7190612873795426,8,embedding_baseline,0.0
q0041,c000404,0.7188253462564058,9,embedding_baseline,0.0
q0041,c000410,0.6701728680726755,10,embedding_baseline,0.0
q0042,c000411,0.924937468620982,1,embedding_baseline,0.0
q0042,c000412,0.8220012821478909,2,embedding_baseline,0.0
q0042,c000415,0.782488527222813,3,embedding_baseline,0.0
q0042,c000420,0.7787102529630554,4,embedding_baseline,0.0
q0042,c000418,0.7666595864857932,5,embedding_baseline,0.0
q0042,c000416,0.7496905743437532,6,embedding_baseline,0.0
q0042,c000413,0.7486603636908904,7,embedding_baseline,0.0
q0042,c000414,0.747013586953943,8,embedding_baseline,0.0
q0042,c000417,0.7415312582403863,9,embedding_baseline,0.0
q0042,c000419,0.7381649920483194,10,embedding_baseline,0.0
q0043,c000421,0.9117197305364838,1,embedding_baseline,0.0
q0043,c000422,0.7964912028557779,2,embedding_baseline,0.0
q0043,c000425,0.7752549044702095,3,embedding_baseline,0.0
q0043,c000423,0.7402360317790811,4,embedding_baseline,0.0
q0043,c000426,0.7313483525623752,5,embedding_baseline,0.0
q0043,c000424,0.7302996801684722,6,embedding_baseline,0.0
q0043,c000428,0.7269403626613171,7,embedding_baseline,0.0
q0043,c000429,0.7206167611421445,8,embedding_baseline,0.0
q0043,c000427,0.7130132206485053,9,embedding_baseline,0.0
q0043,c000430,0.6773820928661709,10,embedding_baseline,0.0
q0044,c000431,0.8884569640865957,1,embedding_baseline,0.0
q0044,c000435,0.7469194950455703,2,embedding_baseline,0.0
q0044,c000434,0.7127560969652416,3,embedding_baseline,0.0
q0044,c000433,0.6727593368545676,4,embedding_baseline,0.0
q0044,c000432,0.6617845094625767,5,embedding_baseline,0.0
q0044,c000440,0.6486710791085243,6,embedding_baseline,0.0
q0044,c000436,0.6438731365447127,7,embedding_baseline,0.0
q0044,c000438,0.6396507594010951,8,embedding_baseline,0.0
q0044,c000439,0.6244190507175754,9,embedding_baseline,0.0
q0044,c000437,0.6124284599374831,10,embedding_baseline,0.0
q0045,c000441,0.9131556888740342,1,embedding_baseline,0.0
q0045,c000445,0.806421204380586,2,embedding_baseline,0.0
q0045,c000443,0.7799904874890269,3,embedding_baseline,0.0
q0045,c000444,0.761848383145203,4,embedding_baseline,0.0
q0045,c000442,0.7419797300737193,5,embedding_baseline,0.0
q0045,c000449,0.7059988610079293,6,embedding_baseline,0.0
q0045,c000448,0.6649856781574705,7,embedding_baseline,0.0
q0045,c000450,0.6627674544704191,8,embedding_baseline,0.0
q0045,c000446,0.6478573787034065,9,embedding_baseline,0.0
q0045,c000447,0.6171099643071187,10,embedding_baseline,0.0
q0046,c000451,0.9248893626962286,1,embedding_baseline,0.0
q0046,c000454,0.824738238204709,2,embedding_baseline,0.0
q0046,c000452,0.8116016756609867,3,embedding_baseline,0.0
q0046,c000457,0.7858880672616574,4,embedding_baseline,0.0
q0046,c000455,0.7767509484241621,5,embedding_baseline,0.0
q0046,c000458,0.7733681258503421,6,embedding_baseline,0.0
q0046,c000453,0.7574463924029556,7,embedding_baseline,0.0
q0046,c000460,0.7073579173919696,8,embedding_baseline,0.0
q0046,c000459,0.6923530586516925,9,embedding_baseline,0.0
q0046,c000456,0.676917317611958,10,embedding_baseline,0.0
q0047,c000461,0.8941379598726961,1,embedding_baseline,0.0
q0047,c000463,0.8224285113900346,2,embedding_baseline,0.0
q0047,c000462,0.8206169845244724,3,embedding_baseline,0.0
q0047,c000468,0.8004481316333673,4,embedding_baseline,0.0
q0047,c000465,0.7968034657210132,5,embedding_baseline,0.0
q0047,c000467,0.70427284204474,6,embedding_baseline,0.0
q0047,c000469,0.7003924129793822,7,embedding_baseline,0.0
q0047,c000464,0.6921545776565455,8,embedding_baseline,0.0
q0047,c000466,0.6750707107276925,9,embedding_baseline,0.0
q0047,c000470,0.644652430886194,10,embedding_baseline,0.0
q0048,c000471,0.9240729555223742,1,embedding_baseline,0.0
q0048,c000475,0.8263647734942717,2,embedding_baseline,0.0
q0048,c000473,0.8116636254822933,3,embedding_baseline,0.0
q0048,c000474,0.7650250153611758,4,embedding_baseline,0.0
q0048,c000472,0.7568358832890575,5,embedding_baseline,0.0
q0048,c000477,0.7488410924424551,6,embedding_baseline,0.0
q0048,c000480,0.723324827674329,7,embedding_baseline,0.0
q0048,c000478,0.7088883310350348,8,embedding_baseline,0.0
q0048,c000479,0.6985935587963834,9,embedding_baseline,0.0
q0048,c000476,0.6578911427093043,10,embedding_baseline,0.0
q0049,c000481,0.9208588779213288,1,embedding_baseline,0.0
q0049,c000483,0.8342590506517908,2,embedding_baseline,0.0
q0049,c000484,0.8145572443270612,3,embedding_baseline,0.0
q0049,c000485,0.7929740948447558,4,embedding_baseline,0.0
q0049,c000486,0.7245867411061749,5,embedding_baseline,0.0
q0049,c000482,0.7129338381584415,6,embedding_baseline,0.0
q0049,c000490,0.7047516016035752,7,embedding_baseline,0.0
q0049,c000488,0.6950777524393387,8,embedding_baseline,0.0
q0049,c000489,0.694417849753929,9,embedding_baseline,0.0
q0049,c000487,0.6757219817138068,10,embedding_baseline,0.0
q0050,c000491,0.9249700053212287,1,embedding_baseline,0.0
q0050,c000492,0.7837581672108227,2,embedding_baseline,0.0
q0050,c000495,0.7692684164151117,3,embedding_baseline,0.0
q0050,c000493,0.7427769479671739,4,embedding_baseline,0.0
q0050,c000498,0.7396437184667836,5,embedding_baseline,0.0
q0050,c000500,0.7370274102444739,6,embedding_baseline,0.0
q0050,c000494,0.6889502698362417,7,embedding_baseline,0.0
q0050,c000496,0.6847463524609111,8,embedding_baseline,0.0
q0050,c000497,0.6836462010097079,9,embedding_baseline,0.0
q0050,c000499,0.6484711899510001,10,embedding_baseline,0.0
q0051,c000501,0.9148942135870162,1,embedding_baseline,0.0
q0051,c000503,0.9031190158201928,2,embedding_baseline,0.0
q0051,c000505,0.7985555405720173,3,embedding_baseline,0.0
q0051,c000506,0.7755887808538329,4,embedding_baseline,0.0
q0051,c000502,0.7741493820697233,5,embedding_baseline,0.0
q0051,c000509,0.743315883329345,6,embedding_baseline,0.0
q0051,c000508,0.741307057805801,7,embedding_baseline,0.0
q0051,c000504,0.7243419491814889,8,embedding_baseline,0.0
q0051,c000510,0.7222121055837457,9,embedding_baseline,0.0
q0051,c000507,0.7174618547229594,10,embedding_baseline,0.0
q0052,c000511,0.92598617763542,1,embedding_baseline,0.0
q0052,c000514,0.8417835252773791,2,embedding_baseline,0.0
q0052,c000515,0.8041504458258311,3,embedding_baseline,0.0
q0052,c000516,0.7903852072537546,4,embedding_baseline,0.0
q0052,c000513,0.7782280847491873,5,embedding_baseline,0.0
q0052,c000512,0.7687541927205053,6,embedding_baseline,0.0
q0052,c000520,0.7629120011491458,7,embedding_baseline,0.0
q0052,c000517,0.7152190669401004,8,embedding_baseline,0.0
q0052,c000518,0.6923488006206366,9,embedding_baseline,0.0
q0052,c000519,0.6833948577102678,10,embedding_baseline,0.0
q0053,c000521,0.9123951916268211,1,embedding_baseline,0.0
q0053,c000525,0.8127877770424408,2,embedding_baseline,0.0
q0053,c000524,0.8064421184744479,3,embedding_baseline,0.0
q0053,c000526,0.8041365857608234,4,embedding_baseline,0.0
q0053,c000522,0.7824379523573519,5,embedding_baseline,0.0
q0053,c000530,0.7543636600985567,6,embedding_baseline,0.0
q0053,c000523,0.7530036245976264,7,embedding_baseline,0.0
q0053,c000528,0.7433159749003232,8,embedding_baseline,0.0
q0053,c000529,0.6853114090507143,9,embedding_baseline,0.0
q0053,c000527,0.6703626438714838,10,embedding_baseline,0.0
q0054,c000531,0.9353947434719057,1,embedding_baseline,0.0
q0054,c000538,0.8091666071333321,2,embedding_baseline,0.0
q0054,c000533,0.793919091351159,3,embedding_baseline,0.0
q0054,c000532,0.7728979211756956,4,embedding_baseline,0.0
q0054,c000535,0.7660963849628925,5,embedding_baseline,0.0
q0054,c000534,0.760706425980342,6,embedding_baseline,0.0
q0054,c000540,0.7301847155383164,7,embedding_baseline,0.0
q0054,c000539,0.7267826775869691,8,embedding_baseline,0.0
q0054,c000536,0.7164939992693731,9,embedding_baseline,0.0
q0054,c000537,0.6696649660929009,10,embedding_baseline,0.0
q0055,c000541,0.9181050001687588,1,embedding_baseline,0.0
q0055,c000542,0.8010723088190302,2,embedding_baseline,0.0
q0055,c000545,0.7702060468162506,3,embedding_baseline,0.0
q0055,c000544,0.7614270785466193,4,embedding_baseline,0.0
q0055,c000543,0.7598425351911019,5,embedding_baseline,0.0
q0055,c000549,0.7495032008897248,6,embedding_baseline,0.0
q0055,c000546,0.7452502280152886,7,embedding_baseline,0.0
q0055,c000548,0.7351924005528727,8,embedding_baseline,0.0
q0055,c000550,0.6949619462909665,9,embedding_baseline,0.0
q0055,c000547,0.6845569803909489,10,embedding_baseline,0.0
q0056,c000551,0.910866541543454,1,embedding_baseline,0.0
q0056,c000555,0.8086660399584054,2,embedding_baseline,0.0
q0056,c000554,0.7857259525439562,3,embedding_baseline,0.0
q0056,c000552,0.7818501627838684,4,embedding_baseline,0.0
q0056,c000558,0.7601466358134513,5,embedding_baseline,0.0
q0056,c000553,0.7529387411214941,6,embedding_baseline,0.0
q0056,c000559,0.7427381721928608,7,embedding_baseline,0.0
q0056,c000557,0.7374088168266486,8,embedding_baseline,0.0
q0056,c000560,0.7308632116892025,9,embedding_baseline,0.0
q0056,c000556,0.7022180008320466,10,embedding_baseline,0.0
q0057,c000561,0.913985364861735,1,embedding_baseline,0.0
q0057,c000565,0.8008881847242125,2,embedding_baseline,0.0
q0057,c000562,0.797576814744864,3,embedding_baseline,0.0
q0057,c000563,0.7944167906128764,4,embedding_baseline,0.0
q0057,c000564,0.7678732175845724,5,embedding_baseline,0.0
q0057,c000570,0.74592940241353,6,embedding_baseline,0.0
q0057,c000569,0.704056025758026,7,embedding_baseline,0.0
q0057,c000568,0.667980495843632,8,embedding_baseline,0.0
q0057,c000566,0.6620968953664516,9,embedding_baseline,0.0
q0057,c000567,0.6474548968096393,10,embedding_baseline,0.0
q0058,c000571,0.900830915870922,1,embedding_baseline,0.0
q0058,c000572,0.8386439024826946,2,embedding_baseline,0.0
q0058,c000573,0.8346364552938289,3,embedding_baseline,0.0
q0058,c000574,0.7410645070566486,4,embedding_baseline,0.0
q0058,c000580,0.7343791508109322,5,embedding_baseline,0.0
q0058,c000575,0.7235516889714827,6,embedding_baseline,0.0
q0058,c000579,0.7220819090111806,7,embedding_baseline,0.0
q0058,c000578,0.7026882364237826,8,embedding_baseline,0.0
q0058,c000577,0.6986735892419992,9,embedding_baseline,0.0
q0058,c000576,0.6522144398590967,10,embedding_baseline,0.0
q0059,c000581,0.9071085533843743,1,embedding_baseline,0.0
q0059,c000583,0.8318560172402908,2,embedding_baseline,0.0
q0059,c000582,0.7862253727391255,3,embedding_baseline,0.0
q0059,c000590,0.7795573144611391,4,embedding_baseline,0.0
q0059,c000584,0.7665039509150327,5,embedding_baseline,0.0
q0059,c000589,0.7480812422916407,6,embedding_baseline,0.0
q0059,c000587,0.7424480024384624,7,embedding_baseline,0.0
q0059,c000588,0.739960234423544,8,embedding_baseline,0.0
q0059,c000585,0.7385274226747772,9,embedding_baseline,0.0
q0059,c000586,0.7230870137865936,10,embedding_baseline,0.0
q0060,c000591,0.8589061009288064,1,embedding_baseline,0.0
q0060,c000600,0.682816350308091,2,embedding_baseline,0.0
q0060,c000593,0.6764318862337975,3,embedding_baseline,0.0
q0060,c000597,0.6526182341975874,4,embedding_baseline,0.0
q0060,c000598,0.6480186928336777,5,embedding_baseline,0.0
q0060,c000599,0.6328254757865959,6,embedding_baseline,0.0
q0060,c000594,0.6269883664200188,7,embedding_baseline,0.0
q0060,c000596,0.6236363493448257,8,embedding_baseline,0.0
q0060,c000595,0.6177724098048333,9,embedding_baseline,0.0
q0060,c000592,0.60852599736846,10,embedding_baseline,0.0
q0061,c000601,0.8861017311962099,1,embedding_baseline,0.0
q0061,c000602,0.7349444219385163,2,embedding_baseline,0.0
q0061,c000604,0.7320631579259126,3,embedding_baseline,0.0
q0061,c000606,0.6785801929010863,4,embedding_baseline,0.0
q0061,c000603,0.6568201200875621,5,embedding_baseline,0.0
q0061,c000607,0.6366655205393048,6,embedding_baseline,0.0
q0061,c000608,0.6343919853213199,7,embedding_baseline,0.0
q0061,c000605,0.6147308561294285,8,embedding_baseline,0.0
q0061,c000609,0.610995723309581,9,embedding_baseline,0.0
q0061,c000610,0.6045423954035427,10,embedding_baseline,0.0
q0062,c000611,0.9186985757786228,1,embedding_baseline,0.0
q0062,c000612,0.7792675699241594,2,embedding_baseline,0.0
q0062,c000617,0.7571687378750132,3,embedding_baseline,0.0
q0062,c000614,0.7345786608120355,4,embedding_baseline,0.0
q0062,c000620,0.7323098417103932,5,embedding_baseline,0.0
q0062,c000613,0.7264116407078782,6,embedding_baseline,0.0
q0062,c000616,0.7110482137785737,7,embedding_baseline,0.0
q0062,c000619,0.7076421842577306,8,embedding_baseline,0.0
q0062,c000615,0.7002148052103232,9,embedding_baseline,0.0
q0062,c000618,0.6870647171615599,10,embedding_baseline,0.0
q0063,c000621,0.916693160945268,1,embedding_baseline,0.0
q0063,c000622,0.7890448840728783,2,embedding_baseline,0.0
q0063,c000625,0.7753791893241666,3,embedding_baseline,0.0
q0063,c000624,0.763715509549178,4,embedding_baseline,0.0
q0063,c000629,0.753967587274781,5,embedding_baseline,0.0
q0063,c000623,0.7435448136622124,6,embedding_baseline,0.0
q0063,c000630,0.7041666949611113,7,embedding_baseline,0.0
q0063,c000626,0.6841305553479602,8,embedding_baseline,0.0
q0063,c000628,0.6767015704843519,9,embedding_baseline,0.0
q0063,c000627,0.6672807711039314,10,embedding_baseline,0.0
q0064,c000631,0.9366182065254818,1,embedding_baseline,0.0
q0064,c000634,0.8717379092545544,2,embedding_baseline,0.0
q0064,c000632,0.8578210976782182,3,embedding_baseline,0.0
q0064,c000633,0.8155355451475363,4,embedding_baseline,0.0
q0064,c000635,0.7935767466687811,5,embedding_baseline,0.0
q0064,c000636,0.7259759167451812,6,embedding_baseline,0.0
q0064,c000640,0.7250213435744732,7,embedding_baseline,0.0
q0064,c000637,0.7200313621121044,8,embedding_baseline,0.0
q0064,c000639,0.7099452500267835,9,embedding_baseline,0.0
q0064,c000638,0.654119105316092,10,embedding_baseline,0.0
q0065,c000641,0.9283220188014288,1,embedding_baseline,0.0
q0065,c000645,0.7597624662660056,2,embedding_baseline,0.0
q0065,c000643,0.753304574985247,3,embedding_baseline,0.0
q0065,c000644,0.7364754229530661,4,embedding_baseline,0.0
q0065,c000648,0.7317370606833293,5,embedding_baseline,0.0
q0065,c000642,0.7277630675764999,6,embedding_baseline,0.0
q0065,c000650,0.7162285182630306,7,embedding_baseline,0.0
q0065,c000646,0.7012489105114272,8,embedding_baseline,0.0
q0065,c000649,0.6707739021039364,9,embedding_baseline,0.0
q0065,c000647,0.657187936443392,10,embedding_baseline,0.0
q0066,c000651,0.8866884406384359,1,embedding_baseline,0.0
q0066,c000653,0.8095670408160667,2,embedding_baseline,0.0
q0066,c000655,0.7662055182511716,3,embedding_baseline,0.0
q0066,c000652,0.7464689252475909,4,embedding_baseline,0.0
q0066,c000658,0.726355552149984,5,embedding_baseline,0.0
q0066,c000657,0.6949170993951508,6,embedding_baseline,0.0
q0066,c000654,0.6743416644458681,7,embedding_baseline,0.0
q0066,c000660,0.6723966949409056,8,embedding_baseline,0.0
q0066,c000656,0.6401058781893343,9,embedding_baseline,0.0
q0066,c000659,0.6176672615223024,10,embedding_baseline,0.0
q0067,c000661,0.9225022857943508,1,embedding_baseline,0.0
q0067,c000665,0.8273787049880149,2,embedding_baseline,0.0
q0067,c000663,0.8151421697458876,3,embedding_baseline,0.0
q0067,c000662,0.7879912730701413,4,embedding_baseline,0.0
q0067,c000669,0.7856529210630074,5,embedding_baseline,0.0
q0067,c000668,0.7833241629422353,6,embedding_baseline,0.0
q0067,c000670,0.78324642811431,7,embedding_baseline,0.0
q0067,c000664,0.7793239822019964,8,embedding_baseline,0.0
q0067,c000667,0.738247437730074,9,embedding_baseline,0.0
q0067,c000666,0.6802971754639967,10,embedding_baseline,0.0
q0068,c000671,0.8152565296698513,1,embedding_baseline,0.0
q0068,c000674,0.7610602102441797,2,embedding_baseline,0.0
q0068,c000680,0.7356877807184974,3,embedding_baseline,0.0
q0068,c000676,0.7160559496493215,4,embedding_baseline,0.0
q0068,c000675,0.7132185675912713,5,embedding_baseline,0.0
q0068,c000672,0.7119956733881085,6,embedding_baseline,0.0
q0068,c000678,0.6559812069064811,7,embedding_baseline,0.0
q0068,c000679,0.6405727777064046,8,embedding_baseline,0.0
q0068,c000677,0.6254013303558591,9,embedding_baseline,0.0
q0068,c000673,0.6224389457944044,10,embedding_baseline,0.0
q0069,c000681,0.9048014052980564,1,embedding_baseline,0.0
q0069,c000690,0.7402540020966982,2,embedding_baseline,0.0
q0069,c000687,0.7351545468765444,3,embedding_baseline,0.0
q0069,c000682,0.704754674124663,4,embedding_baseline,0.0
q0069,c000684,0.7039352292453498,5,embedding_baseline,0.0
q0069,c000689,0.6822246080566283,6,embedding_baseline,0.0
q0069,c000686,0.6706873376120891,7,embedding_baseline,0.0
q0069,c000683,0.6678659209883264,8,embedding_baseline,0.0
q0069,c000685,0.6580945750816741,9,embedding_baseline,0.0
q0069,c000688,0.6420327505575742,10,embedding_baseline,0.0
q0070,c000691,0.8842397119845722,1,embedding_baseline,0.0
q0070,c000693,0.8147424454594587,2,embedding_baseline,0.0
q0070,c000695,0.7747293887319026,3,embedding_baseline,0.0
q0070,c000692,0.7455362636052483,4,embedding_baseline,0.0
q0070,c000700,0.7300895214580778,5,embedding_baseline,0.0
q0070,c000694,0.7073361157316065,6,embedding_baseline,0.0
q0070,c000696,0.7066640835935633,7,embedding_baseline,0.0
q0070,c000699,0.6954772802199715,8,embedding_baseline,0.0
q0070,c000697,0.6501672538111493,9,embedding_baseline,0.0
q0070,c000698,0.6323570823941244,10,embedding_baseline,0.0
q0071,c000701,0.9039517217349698,1,embedding_baseline,0.0
q0071,c000704,0.8424769672582227,2,embedding_baseline,0.0
q0071,c000703,0.7569169436245665,3,embedding_baseline,0.0
q0071,c000710,0.7445167805028816,4,embedding_baseline,0.0
q0071,c000707,0.7377358105539263,5,embedding_baseline,0.0
q0071,c000706,0.7307578781195258,6,embedding_baseline,0.0
q0071,c000705,0.7150262958657344,7,embedding_baseline,0.0
q0071,c000708,0.7030639200273819,8,embedding_baseline,0.0
q0071,c000709,0.6981199957872035,9,embedding_baseline,0.0
q0071,c000702,0.6929459463690314,10,embedding_baseline,0.0
q0072,c000711,0.9056713232865756,1,embedding_baseline,0.0
q0072,c000712,0.8194463460360161,2,embedding_baseline,0.0
q0072,c000715,0.7811437829300273,3,embedding_baseline,0.0
q0072,c000714,0.7741546391722451,4,embedding_baseline,0.0
q0072,c000717,0.7699731323187832,5,embedding_baseline,0.0
q0072,c000713,0.7089587939937327,6,embedding_baseline,0.0
q0072,c000716,0.7050032513029926,7,embedding_baseline,0.0
q0072,c000719,0.6836921785568785,8,embedding_baseline,0.0
q0072,c000718,0.6779845088154873,9,embedding_baseline,0.0
q0072,c000720,0.6613690220584343,10,embedding_baseline,0.0
q0073,c000721,0.8673376983227548,1,embedding_baseline,0.0
q0073,c000722,0.821365892284834,2,embedding_baseline,0.0
q0073,c000725,0.7946840016307811,3,embedding_baseline,0.0
q0073,c000726,0.7372223592365851,4,embedding_baseline,0.0
q0073,c000724,0.7336190584510842,5,embedding_baseline,0.0
q0073,c000723,0.7184444943866723,6,embedding_baseline,0.0
q0073,c000730,0.7023929923899869,7,embedding_baseline,0.0
q0073,c000728,0.7013299363867208,8,embedding_baseline,0.0
q0073,c000729,0.6872227414389351,9,embedding_baseline,0.0
q0073,c000727,0.6677502249756576,10,embedding_baseline,0.0
q0074,c000731,0.8771411417914302,1,embedding_baseline,0.0
q0074,c000740,0.791877023239243,2,embedding_baseline,0.0
q0074,c000736,0.7743387255099458,3,embedding_baseline,0.0
q0074,c000733,0.73794079373148,4,embedding_baseline,0.0
q0074,c000739,0.7062677926874936,5,embedding_baseline,0.0
q0074,c000737,0.7050457805222751,6,embedding_baseline,0.0
q0074,c000734,0.6951438127268174,7,embedding_baseline,0.0
q0074,c000732,0.6786798633777299,8,embedding_baseline,0.0
q0074,c000735,0.6733649760206596,9,embedding_baseline,0.0
q0074,c000738,0.6430549770714536,10,embedding_baseline,0.0
q0075,c000741,0.8754840325068122,1,embedding_baseline,0.0
q0075,c000744,0.774714949989024,2,embedding_baseline,0.0
q0075,c000742,0.7002929032498773,3,embedding_baseline,0.0
q0075,c000745,0.6971221497949047,4,embedding_baseline,0.0
q0075,c000743,0.6791834779771808,5,embedding_baseline,0.0
q0075,c000747,0.649568526411988,6,embedding_baseline,0.0
q0075,c000748,0.6476578273690416,7,embedding_baseline,0.0
q0075,c000746,0.6419718223546087,8,embedding_baseline,0.0
q0075,c000750,0.6417962589338103,9,embedding_baseline,0.0
q0075,c000749,0.6305985439142507,10,embedding_baseline,0.0
q0076,c000751,0.903298677764674,1,embedding_baseline,0.0
q0076,c000754,0.779885669776186,2,embedding_baseline,0.0
q0076,c000760,0.7519553940034582,3,embedding_baseline,0.0
q0076,c000752,0.7467488663801961,4,embedding_baseline,0.0
q0076,c000753,0.7406525456683549,5,embedding_baseline,0.0
q0076,c000757,0.7332271253450535,6,embedding_baseline,0.0
q0076,c000758,0.7189517720943323,7,embedding_baseline,0.0
q0076,c000755,0.716678999404383,8,embedding_baseline,0.0
q0076,c000759,0.6812355648667764,9,embedding_baseline,0.0
q0076,c000756,0.6459292249522223,10,embedding_baseline,0.0
q0077,c000761,0.8524586204451076,1,embedding_baseline,0.0
q0077,c000762,0.7750069952943326,2,embedding_baseline,0.0
q0077,c000765,0.7481545173731872,3,embedding_baseline,0.0
q0077,c000770,0.7414973033595085,4,embedding_baseline,0.0
q0077,c000769,0.7050958507258727,5,embedding_baseline,0.0
q0077,c000768,0.6751237565408581,6,embedding_baseline,0.0
q0077,c000767,0.6683302397657049,7,embedding_baseline,0.0
q0077,c000766,0.654192521896677,8,embedding_baseline,0.0
q0077,c000763,0.6533888733632388,9,embedding_baseline,0.0
q0077,c000764,0.6375520814541457,10,embedding_baseline,0.0
q0078,c000771,0.90290236492564,1,embedding_baseline,0.0
q0078,c000774,0.857000436852677,2,embedding_baseline,0.0
q0078,c000773,0.7851016253071426,3,embedding_baseline,0.0
q0078,c000775,0.763974142972605,4,embedding_baseline,0.0
q0078,c000777,0.7404085973782116,5,embedding_baseline,0.0
q0078,c000776,0.706376372146323,6,embedding_baseline,0.0
q0078,c000772,0.6866269793028961,7,embedding_baseline,0.0
q0078,c000779,0.6716702985254025,8,embedding_baseline,0.0
q0078,c000780,0.6675995280784663,9,embedding_baseline,0.0
q0078,c000778,0.6398466046164778,10,embedding_baseline,0.0
q0079,c000781,0.8936474913156613,1,embedding_baseline,0.0
q0079,c000783,0.7112800334495423,2,embedding_baseline,0.0
q0079,c000782,0.7025716485300569,3,embedding_baseline,0.0
q0079,c000785,0.6825575835373394,4,embedding_baseline,0.0
q0079,c000788,0.6771931444600421,5,embedding_baseline,0.0
q0079,c000790,0.6409308118292966,6,embedding_baseline,0.0
q0079,c000787,0.6407268910185265,7,embedding_baseline,0.0
q0079,c000789,0.6381506051014645,8,embedding_baseline,0.0
q0079,c000786,0.6289005682378063,9,embedding_baseline,0.0
q0079,c000784,0.6036207734582144,10,embedding_baseline,0.0
q0080,c000791,0.9091032343751092,1,embedding_baseline,0.0
q0080,c000794,0.7813613484147399,2,embedding_baseline,0.0
q0080,c000795,0.7641752740633186,3,embedding_baseline,0.0
q0080,c000792,0.7476654671914675,4,embedding_baseline,0.0
q0080,c000793,0.7360325290097863,5,embedding_baseline,0.0
q0080,c000800,0.7358415254001051,6,embedding_baseline,0.0
q0080,c000796,0.6984356762562351,7,embedding_baseline,0.0
q0080,c000798,0.6953703521375791,8,embedding_baseline,0.0
q0080,c000797,0.6660391796911423,9,embedding_baseline,0.0
q0080,c000799,0.6591170662720529,10,embedding_baseline,0.0
q0081,c000801,0.9326626711518547,1,embedding_baseline,0.0
q0081,c000804,0.8096962186784582,2,embedding_baseline,0.0
q0081,c000802,0.8059016897569673,3,embedding_baseline,0.0
q0081,c000806,0.7122705887684899,4,embedding_baseline,0.0
q0081,c000803,0.7062444448232568,5,embedding_baseline,0.0
q0081,c000805,0.6949469998676984,6,embedding_baseline,0.0
q0081,c000808,0.6943678364908095,7,embedding_baseline,0.0
q0081,c000807,0.6767099011814508,8,embedding_baseline,0.0
q0081,c000810,0.6411850227166134,9,embedding_baseline,0.0
q0081,c000809,0.6273831515496814,10,embedding_baseline,0.0
q0082,c000811,0.9217339144662864,1,embedding_baseline,0.0
q0082,c000818,0.7698127970658041,2,embedding_baseline,0.0
q0082,c000815,0.7611889019644978,3,embedding_baseline,0.0
q0082,c000813,0.7254165489817034,4,embedding_baseline,0.0
q0082,c000814,0.7058708178180564,5,embedding_baseline,0.0
q0082,c000812,0.6952578386425373,6,embedding_baseline,0.0
q0082,c000817,0.6669240198714502,7,embedding_baseline,0.0
q0082,c000816,0.6656677567477528,8,embedding_baseline,0.0
q0082,c000820,0.6650888507787412,9,embedding_baseline,0.0
q0082,c000819,0.6571583075979892,10,embedding_baseline,0.0
q0083,c000821,0.9144026741242564,1,embedding_baseline,0.0
q0083,c000822,0.8463855484922234,2,embedding_baseline,0.0
q0083,c000825,0.8102812934270891,3,embedding_baseline,0.0
q0083,c000830,0.7800689419551773,4,embedding_baseline,0.0
q0083,c000823,0.7264190419242267,5,embedding_baseline,0.0
q0083,c000824,0.7066807213993611,6,embedding_baseline,0.0
q0083,c000829,0.6926356019830363,7,embedding_baseline,0.0
q0083,c000826,0.663516328976266,8,embedding_baseline,0.0
q0083,c000827,0.6626782300543711,9,embedding_baseline,0.0
q0083,c000828,0.6469921875606013,10,embedding_baseline,0.0
q0084,c000831,0.9307221575827764,1,embedding_baseline,0.0
q0084,c000833,0.8144827341064063,2,embedding_baseline,0.0
q0084,c000834,0.7705836535426703,3,embedding_baseline,0.0
q0084,c000832,0.7286476158009143,4,embedding_baseline,0.0
q0084,c000839,0.7209915822886109,5,embedding_baseline,0.0
q0084,c000838,0.7048805154549023,6,embedding_baseline,0.0
q0084,c000835,0.6994621532090568,7,embedding_baseline,0.0
q0084,c000836,0.6847225923086591,8,embedding_baseline,0.0
q0084,c000840,0.6288780451621059,9,embedding_baseline,0.0
q0084,c000837,0.614667546705965,10,embedding_baseline,0.0
q0085,c000841,0.9244723584186744,1,embedding_baseline,0.0
q0085,c000845,0.8926616344354488,2,embedding_baseline,0.0
q0085,c000844,0.7421168563335419,3,embedding_baseline,0.0
q0085,c000843,0.7206503347878271,4,embedding_baseline,0.0
q0085,c000847,0.7072514472868512,5,embedding_baseline,0.0
q0085,c000850,0.7021083087826814,6,embedding_baseline,0.0
q0085,c000846,0.6974842502921597,7,embedding_baseline,0.0
q0085,c000849,0.6907857672334985,8,embedding_baseline,0.0
q0085,c000842,0.685828989037306,9,embedding_baseline,0.0
q0085,c000848,0.6596970662224512,10,embedding_baseline,0.0
q0086,c000851,0.8637704946646938,1,embedding_baseline,0.0
q0086,c000852,0.781626047075796,2,embedding_baseline,0.0
q0086,c000854,0.7741822436694689,3,embedding_baseline,0.0
q0086,c000853,0.7328267753199432,4,embedding_baseline,0.0
q0086,c000857,0.7152187413581095,5,embedding_baseline,0.0
q0086,c000859,0.698860956819128,6,embedding_baseline,0.0
q0086,c000855,0.6804159265916845,7,embedding_baseline,0.0
q0086,c000860,0.678649052523767,8,embedding_baseline,0.0
q0086,c000858,0.6722138901609624,9,embedding_baseline,0.0
q0086,c000856,0.6502525746761931,10,embedding_baseline,0.0
q0087,c000861,0.918059227298204,1,embedding_baseline,0.0
q0087,c000865,0.7983659648343923,2,embedding_baseline,0.0
q0087,c000864,0.7885987896411748,3,embedding_baseline,0.0
q0087,c000863,0.7839957849995213,4,embedding_baseline,0.0
q0087,c000862,0.7573425471478714,5,embedding_baseline,0.0
q0087,c000868,0.6777004755289588,6,embedding_baseline,0.0
q0087,c000867,0.6609464948943553,7,embedding_baseline,0.0
q0087,c000866,0.658086528873307,8,embedding_baseline,0.0
q0087,c000870,0.6499668026827081,9,embedding_baseline,0.0
q0087,c000869,0.6445775514340516,10,embedding_baseline,0.0
q0088,c000871,0.9163805712814056,1,embedding_baseline,0.0
q0088,c000874,0.882030925140184,2,embedding_baseline,0.0
q0088,c000873,0.8615079406898272,3,embedding_baseline,0.0
q0088,c000872,0.8287472755821835,4,embedding_baseline,0.0
q0088,c000876,0.7774748479246071,5,embedding_baseline,0.0
q0088,c000875,0.7696688284581035,6,embedding_baseline,0.0
q0088,c000878,0.7347936050785482,7,embedding_baseline,0.0
q0088,c000880,0.7309132424595804,8,embedding_baseline,0.0
q0088,c000877,0.7208417985843145,9,embedding_baseline,0.0
q0088,c000879,0.6735053481401787,10,embedding_baseline,0.0
q0089,c000881,0.915793475957682,1,embedding_baseline,0.0
q0089,c000884,0.9015851151987055,2,embedding_baseline,0.0
q0089,c000882,0.7742238976601536,3,embedding_baseline,0.0
q0089,c000885,0.7218388630673801,4,embedding_baseline,0.0
q0089,c000890,0.7157287485829587,5,embedding_baseline,0.0
q0089,c000887,0.6997983158960062,6,embedding_baseline,0.0
q0089,c000883,0.6823675701009856,7,embedding_baseline,0.0
q0089,c000886,0.6733416061613864,8,embedding_baseline,0.0
q0089,c000889,0.6598193784768458,9,embedding_baseline,0.0
q0089,c000888,0.6156204911604698,10,embedding_baseline,0.0
q0090,c000891,0.8901037330869356,1,embedding_baseline,0.0
q0090,c000894,0.8129547573925052,2,embedding_baseline,0.0
q0090,c000892,0.8084447924317489,3,embedding_baseline,0.0
q0090,c000893,0.7979819092051379,4,embedding_baseline,0.0
q0090,c000896,0.7608099267121134,5,embedding_baseline,0.0
q0090,c000899,0.7227182325330295,6,embedding_baseline,0.0
q0090,c000898,0.6909656645953092,7,embedding_baseline,0.0
q0090,c000897,0.6696733320639051,8,embedding_baseline,0.0
q0090,c000895,0.6522661466403037,9,embedding_baseline,0.0
q0090,c000900,0.6357674088354472,10,embedding_baseline,0.0
q0091,c000901,0.8487739294247991,1,embedding_baseline,0.0
q0091,c000905,0.5764356135328478,2,embedding_baseline,0.0
q0091,c000906,0.5744789870583501,3,embedding_baseline,0.0
q0091,c000903,0.5727903705259069,4,embedding_baseline,0.0
q0091,c000902,0.5702994340494549,5,embedding_baseline,0.0
q0091,c000908,0.5539816956914021,6,embedding_baseline,0.0
q0091,c000904,0.542117695179113,7,embedding_baseline,0.0
q0091,c000909,0.5370158459505017,8,embedding_baseline,0.0
q0091,c000907,0.5367622821433569,9,embedding_baseline,0.0
q0091,c000910,0.5341954285916733,10,embedding_baseline,0.0
q0092,c000911,0.9142099631992264,1,embedding_baseline,0.0
q0092,c000912,0.7551468780745152,2,embedding_baseline,0.0
q0092,c000915,0.7132505713324426,3,embedding_baseline,0.0
q0092,c000914,0.7112509611733692,4,embedding_baseline,0.0
q0092,c000913,0.6937394337158228,5,embedding_baseline,0.0
q0092,c000920,0.6921345052974448,6,embedding_baseline,0.0
q0092,c000918,0.6757339213442171,7,embedding_baseline,0.0
q0092,c000917,0.6718354969500419,8,embedding_baseline,0.0
q0092,c000916,0.6464135305046638,9,embedding_baseline,0.0
q0092,c000919,0.6278587302176275,10,embedding_baseline,0.0
q0093,c000921,0.8529627146697678,1,embedding_baseline,0.0
q0093,c000923,0.7439918384048618,2,embedding_baseline,0.0
q0093,c000924,0.732314987823651,3,embedding_baseline,0.0
q0093,c000922,0.7093647650653607,4,embedding_baseline,0.0
q0093,c000930,0.7055943759569518,5,embedding_baseline,0.0
q0093,c000925,0.683973871637185,6,embedding_baseline,0.0
q0093,c000928,0.6817931427187234,7,embedding_baseline,0.0
q0093,c000927,0.6697744843633731,8,embedding_baseline,0.0
q0093,c000929,0.6638102654901796,9,embedding_baseline,0.0
q0093,c000926,0.6337988222983768,10,embedding_baseline,0.0
q0094,c000931,0.9347510427277458,1,embedding_baseline,0.0
q0094,c000933,0.7777998500514813,2,embedding_baseline,0.0
q0094,c000940,0.7684759656267295,3,embedding_baseline,0.0
q0094,c000939,0.7652552656614036,4,embedding_baseline,0.0
q0094,c000936,0.7523333873051286,5,embedding_baseline,0.0
q0094,c000937,0.7414229938489894,6,embedding_baseline,0.0
q0094,c000934,0.7062556978801808,7,embedding_baseline,0.0
q0094,c000938,0.70029719968877,8,embedding_baseline,0.0
q0094,c000932,0.6922026903349214,9,embedding_baseline,0.0
q0094,c000935,0.684738599095497,10,embedding_baseline,0.0
q0095,c000941,0.9175926806194526,1,embedding_baseline,0.0
q0095,c000945,0.7795315807594689,2,embedding_baseline,0.0
q0095,c000946,0.7206024831845037,3,embedding_baseline,0.0
q0095,c000947,0.7159412682239904,4,embedding_baseline,0.0
q0095,c000949,0.7018297357502675,5,embedding_baseline,0.0
q0095,c000950,0.701265335508119,6,embedding_baseline,0.0
q0095,c000942,0.7009346448468141,7,embedding_baseline,0.0
q0095,c000943,0.698083821184821,8,embedding_baseline,0.0
q0095,c000948,0.6963047493834337,9,embedding_baseline,0.0
q0095,c000944,0.6962263330094064,10,embedding_baseline,0.0
q0096,c000951,0.8608163672825987,1,embedding_baseline,0.0
q0096,c000960,0.7104873208739545,2,embedding_baseline,0.0
q0096,c000959,0.7089663222435136,3,embedding_baseline,0.0
q0096,c000958,0.6935710476500689,4,embedding_baseline,0.0
q0096,c000954,0.6907281575717092,5,embedding_baseline,0.0
q0096,c000956,0.6646897851786455,6,embedding_baseline,0.0
q0096,c000952,0.6643637069774018,7,embedding_baseline,0.0
q0096,c000957,0.6584061363759081,8,embedding_baseline,0.0
q0096,c000953,0.6512480961031112,9,embedding_baseline,0.0
q0096,c000955,0.6463592746381981,10,embedding_baseline,0.0
q0097,c000961,0.8258825452244168,1,embedding_baseline,0.0
q0097,c000968,0.7574793962675994,2,embedding_baseline,0.0
q0097,c000965,0.7470530926153085,3,embedding_baseline,0.0
q0097,c000962,0.714211708170499,4,embedding_baseline,0.0
q0097,c000970,0.7060222070062374,5,embedding_baseline,0.0
q0097,c000963,0.7030721454431561,6,embedding_baseline,0.0
q0097,c000967,0.6965980069409328,7,embedding_baseline,0.0
q0097,c000966,0.6933825379049107,8,embedding_baseline,0.0
q0097,c000969,0.6882237764164011,9,embedding_baseline,0.0
q0097,c000964,0.6767573220450127,10,embedding_baseline,0.0
q0098,c000971,0.9299950386484276,1,embedding_baseline,0.0
q0098,c000972,0.7706362688993194,2,embedding_baseline,0.0
q0098,c000977,0.7606817767176067,3,embedding_baseline,0.0
q0098,c000979,0.730029590480374,4,embedding_baseline,0.0
q0098,c000974,0.7258422286466899,5,embedding_baseline,0.0
q0098,c000980,0.7187575104879214,6,embedding_baseline,0.0
q0098,c000975,0.6933299536282309,7,embedding_baseline,0.0
q0098,c000973,0.6894808638707891,8,embedding_baseline,0.0
q0098,c000976,0.6536439730057857,9,embedding_baseline,0.0
q0098,c000978,0.6480327416872066,10,embedding_baseline,0.0
q0099,c000981,0.9127246965208716,1,embedding_baseline,0.0
q0099,c000985,0.8218599926193297,2,embedding_baseline,0.0
q0099,c000986,0.7944196190511504,3,embedding_baseline,0.0
q0099,c000990,0.7667417676881781,4,embedding_baseline,0.0
q0099,c000984,0.7666881578434599,5,embedding_baseline,0.0
q0099,c000989,0.734747114119448,6,embedding_baseline,0.0
q0099,c000988,0.7262410633411642,7,embedding_baseline,0.0
q0099,c000982,0.6974748303077255,8,embedding_baseline,0.0
q0099,c000987,0.6813753427762531,9,embedding_baseline,0.0
q0099,c000983,0.6630627004214574,10,embedding_baseline,0.0
q0100,c000991,0.879916732232506,1,embedding_baseline,0.0
q0100,c000992,0.7786175867374872,2,embedding_baseline,0.0
q0100,c000994,0.7603036945976769,3,embedding_baseline,0.0
q0100,c000998,0.7555768521751899,4,embedding_baseline,0.0
q0100,c000993,0.7503393082694888,5,embedding_baseline,0.0
q0100,c000999,0.7420317683314686,6,embedding_baseline,0.0
q0100,c000995,0.724954441843587,7,embedding_baseline,0.0
q0100,c000996,0.705157059891781,8,embedding_baseline,0.0
q0100,c000997,0.6964058691869671,9,embedding_baseline,0.0
q0100,c001000,0.6746405706742502,10,embedding_baseline,0.0
